{
  "features": [
    "elo_diff",
    "is_home"
  ],
  "params": {
    "intercept": 0.047673747416016404,
    "elo_diff": 0.7679326702408663,
    "is_home": 0.2539642898970515
  },
  "xi": 0.0015,
  "rho": -0.04785503605886707,
  "cutoff": "2022-11-19",
  "goal_scale": 1.1
}